Price,Close,High,Low,Open,Volume,SMA_5,SMA_10
2023-01-03,123.4706039428711,129.2260441509053,122.5821116407929,128.61397753423014,112117500,,
2023-01-04,124.74412536621094,127.01471627825023,123.48049504473303,125.26734659008874,89113600,,
2023-01-05,123.4212417602539,126.13607477860468,123.16457206143644,125.50425969688034,80962700,,
2023-01-06,127.96245574951172,128.62388619447051,123.29294570645555,124.39862621330377,87754700,,
2023-01-09,128.4856414794922,131.70396238313268,128.22897177101316,128.80155656407595,70790800,125.61681365966797,
2023-01-10,129.0582275390625,129.58144872233615,126.48160347682453,128.5942366688145,63896200,126.73433837890624,
2023-01-11,131.78294372558594,131.8026771210122,128.7916923794983,129.57158328133335,69458900,128.14210205078126,
2023-01-12,131.70396423339844,132.5430854442494,129.75915527463124,132.16795510561155,71379600,129.79864654541015,
2023-01-13,133.03668212890625,133.19463966232263,129.97633400317605,130.3415976184994,57809700,130.81349182128906,
2023-01-17,134.2016143798828,135.53434166770566,132.4147629011091,133.10580835372033,63646600,131.9566864013672,128.78675003051757
2023-01-18,133.48094177246094,136.83745656269951,133.30323577852656,135.0703537024429,69672800,132.8412292480469,129.78778381347655
2023-01-19,133.54017639160156,134.50763996952077,132.05935833689125,132.3653916580124,58280400,133.19267578125,130.66738891601562
2023-01-20,136.10693359375,136.2550244536786,132.50361529041555,133.55005775379874,80223600,134.07326965332032,131.93595809936522
2023-01-23,139.3054962158203,141.4872415250396,136.136538833656,136.3537266947968,81760300,135.32703247070313,133.07026214599608
2023-01-24,140.70733642578125,141.32928485597137,138.50585770726414,138.51572440513698,66435100,136.6281768798828,134.292431640625
2023-01-25,140.0458984375,140.60860145852004,137.03489874919626,139.0883015683729,65799300,137.94116821289063,135.39119873046874
2023-01-26,142.11907958984375,142.4053645091988,140.08540973782974,141.33917349067576,54105100,139.65694885253907,136.42481231689453
2023-01-27,144.06385803222656,145.34723680622537,141.25031251687773,141.3292912944412,70555800,141.2483337402344,137.66080169677736
2023-01-30,141.17132568359375,143.68871946900538,141.02324989890042,143.10626796433064,64015300,141.62149963378906,138.4742660522461
2023-01-31,142.44483947753906,142.49420309949798,140.4605484095562,140.87517571941848,65874500,141.96900024414063,139.29858856201173
2023-02-01,143.57025146484375,144.7351696002277,139.51282411039048,142.1289302044529,77663600,142.6738708496094,140.30751953125
2023-02-02,148.89134216308594,149.24672407231745,146.2752209542802,146.9958815985471,118339000,144.0283233642578,141.84263610839844
2023-02-03,152.5242462158203,155.367421451088,145.93954431951425,146.13698369670587,154357300,145.72040100097655,143.48436737060547
2023-02-06,149.78968811035156,151.14217893420934,148.85183962560956,150.61895772492184,69858300,147.44407348632814,144.53278656005858
2023-02-07,152.67234802246094,153.24493285853742,148.71363285221915,148.71363285221915,83322600,149.4895751953125,145.72928771972656
2023-02-08,149.97727966308594,152.60326780122008,149.23687049310803,151.91222225530666,64120100,150.77098083496094,146.72242584228516
2023-02-09,148.94068908691406,152.35644968138112,148.49644664158131,151.81347999768036,56007100,150.78085021972657,147.4045867919922
2023-02-10,149.30650329589844,149.6327824911062,147.53670230127932,147.77400037597405,57450700,150.13730163574218,147.92885131835936
2023-02-13,152.11447143554688,152.51983488560623,149.21751602061343,149.2471763928944,62199000,150.60225830078124,149.02316589355468
2023-02-14,151.4718017578125,152.03537903023067,149.15820209418638,150.40398304690967,61707600,150.36214904785157,149.92586212158204
2023-02-15,153.57778930664062,153.74586979762776,151.15542974516777,151.38283098748437,65573800,151.0822509765625,150.9266159057617
2023-02-16,151.97605895996094,154.5664988468429,151.6201193880744,151.77830301928833,68167900,151.68932495117187,151.2350875854492
2023-02-17,150.8291473388672,151.2740680510971,149.1483273778538,150.63140647639398,59144100,151.9938537597656,151.0655776977539
2023-02-21,146.80503845214844,149.59323413897312,146.735835945734,148.50563686680903,58867200,150.93196716308594,150.7671127319336
2023-02-22,147.23020935058594,148.2584708875877,145.4999504020457,147.19065212608928,51011300,150.08364868164062,150.2228988647461
2023-02-23,147.71469116210938,148.64408993049327,145.5790684516341,148.39691004897256,48394200,148.91102905273436,149.99664001464845
2023-02-24,145.05503845214844,145.52961956815125,144.07620075664735,145.4505202010405,55469600,147.52682495117188,149.6080749511719
2023-02-27,146.2513885498047,147.4872879410314,145.78668917177046,146.0437659006096,44998500,146.61127319335938,149.3025634765625
2023-02-28,145.7471160888672,147.39827551462352,145.17365708267755,145.39117653628946,50547000,146.39968872070312,148.66582794189452
2023-03-01,143.67080688476562,145.56914623363537,143.37418806129784,145.17366452678502,55479000,145.68780822753905,147.88572845458984
2023-03-02,144.26405334472656,145.05503189340783,142.27671766674902,142.75131384795435,52238100,144.9976806640625,146.95435485839843
2023-03-03,149.32630920410156,149.40540857679258,145.66804996545298,146.37003238225878,70732300,145.85193481445313,146.6893798828125
2023-03-06,152.09469604492188,154.53683399214765,151.72887472127306,152.0551388232703,87558000,147.02059631347657,146.81593475341796
2023-03-07,149.88986206054688,152.29244288057856,149.42516275115915,151.96616367909397,56182000,147.8491455078125,147.12441711425782
2023-03-08,151.1455535888672,151.73879135670416,150.11729188950133,151.08623282941613,47204800,149.3440948486328,147.51595153808594
2023-03-09,148.89126586914062,152.79670487641312,148.53532624571014,151.8277639907766,53833600,150.26953735351563,147.63360900878905
2023-03-10,146.82484436035156,149.23732233138423,145.94488461714658,148.5155613274809,68572400,149.7692443847656,147.8105895996094
2023-03-13,148.77261352539062,151.4124925875259,146.03385648579933,146.1426162263365,84457100,149.10482788085938,148.06271209716797
2023-03-14,150.8686981201172,151.66955846534526,148.40679633095857,149.57347804705336,73695900,149.30059509277345,148.57487030029296
2023-03-15,151.26417541503906,151.52123700910988,148.22879983662045,149.48447760738804,77167900,149.3243194580078,149.3342071533203
2023-03-16,154.0919189453125,154.69503836094123,149.92940378389787,150.443542077547,76161100,150.36445007324218,150.3169937133789
2023-03-17,153.25152587890625,154.97190327803574,152.53964661627768,154.31934477284912,98944600,151.64978637695313,150.7095153808594
2023-03-20,155.6244354248047,156.03971087014546,152.4110972116962,153.3207323821306,73641400,153.02015075683593,151.06248931884767
2023-03-21,157.4832305908203,157.60187209543255,154.77413390443738,155.5453489444009,73938300,154.34305725097656,151.821826171875
2023-03-22,156.049560546875,160.31093808710082,156.02978193767285,157.50297904673437,75701800,155.30013427734374,152.31222686767578
2023-03-23,157.13717651367188,159.7276317574304,155.90127718884906,157.03831361968307,67622100,155.90918579101563,153.1368179321289
2023-03-24,158.4422607421875,158.53124185441158,156.06934056292735,157.06794158008978,59196500,156.94733276367188,154.2985595703125
2023-03-27,156.4945068359375,158.9564235953307,156.08912825748425,158.13578467553296,52390300,157.12134704589843,155.07074890136718
2023-03-28,155.87161254882812,156.7021483382564,154.2204529064242,156.18801000892674,45992200,156.7990234375,155.57104034423827
2023-03-29,158.95645141601562,159.23329169203143,157.5524714200317,157.57223494927314,51305700,157.38040161132812,156.34026794433595
2023-03-30,160.52847290039062,160.63723263142947,159.45077243888025,159.70783403649028,49501700,158.05866088867188,156.98392333984376
2023-03-31,163.0398406982422,163.1387186836245,160.0835790272574,160.60759915912635,68749800,158.97817687988282,157.96275482177734
2023-04-03,164.29550170898438,164.4141432098461,162.36750188667764,162.41694087425697,56976200,160.5383758544922,158.82986145019532
2023-04-04,163.7615966796875,164.95793868784338,163.24745837486338,164.72065569074036,46278300,162.11637268066406,159.45769805908202
2023-04-05,161.91268920898438,163.1881457283857,159.9748075653386,162.88164511746857,51511700,162.7076202392578,160.04401092529298
2023-04-06,162.80252075195312,163.09913955417102,160.17252383849814,160.59766588857192,45390100,163.1624298095703,160.61054534912108
2023-04-10,160.2021942138672,160.2021942138672,158.2741945090455,159.59907481013732,47716900,162.59490051269532,160.78653869628906
2023-04-11,158.98606872558594,160.52846844172586,158.69933167596588,160.51858667978223,47644200,161.53301391601562,161.03569488525392
2023-04-12,158.29397583007812,160.23185733032426,157.97757839276272,159.40133668736163,50133100,160.43948974609376,161.2779312133789
2023-04-13,163.69239807128906,163.92969618258195,159.59909994312628,159.80673767634033,68445600,160.7954315185547,161.75152587890625
2023-04-14,163.34634399414062,164.44382316709542,161.9720245871667,162.73332768738865,49386500,160.9041961669922,162.03331298828124
2023-04-17,163.36610412597656,163.52430285260365,162.17964384959518,163.22768401184308,41516200,161.53697814941407,162.0659393310547
2023-04-18,164.5921173095703,165.52151594579726,163.78136017187086,164.22629596467013,49923000,162.65818786621094,162.0956008911133
2023-04-19,165.73904418945312,166.26306428456468,163.67260909854727,163.92968580784367,47720200,164.14720153808594,162.29334564208983
2023-04-20,164.77008056640625,165.9763194310247,163.69238005042013,164.21640012100644,52456400,164.36273803710938,162.57908477783204
2023-04-21,163.1584930419922,164.57235465877127,162.63447292379246,163.1881534195007,58337300,164.32516784667968,162.61468200683595
2023-04-24,163.4649658203125,163.73192425907348,162.04120759579996,163.1386866366401,41949600,164.34494018554688,162.94095916748046
2023-04-25,161.9225616455078,164.43390199308925,161.88300442555024,163.3265412208214,48714100,163.81102905273437,163.23460845947267
2023-04-26,161.91268920898438,163.41554697412082,160.96352700012233,161.22058862196803,45498800,163.04575805664064,163.5964797973633
2023-04-27,166.51023864746094,166.65854052357386,163.32656095584278,163.32656095584278,64902300,163.39378967285157,163.87826385498047
2023-04-28,167.76589965820312,167.93399523157063,165.98621681699632,166.58933625125528,55209200,164.31527099609374,164.32021942138672
2023-05-01,167.67691040039062,168.52720964209172,166.7376300382773,167.370409816753,52472900,165.15765991210938,164.7513000488281
2023-05-02,166.63876342773438,168.42835824019505,165.65004401355455,168.17128153704527,48425700,166.10090026855468,164.95596466064453
2023-05-03,165.56106567382812,168.9919233057137,165.27434367702065,167.58794352434566,65136000,166.83057556152343,164.93816680908202
2023-05-04,163.91976928710938,165.1556684360722,162.45646891900202,163.02992793451995,81235400,166.31248168945314,164.85313568115234
2023-05-05,171.61203002929688,172.33379095243657,168.8337158986843,169.05123536921852,113316400,167.0817077636719,165.6984893798828
2023-05-08,171.54281616210938,171.88887398730245,170.1684967974759,170.53431814830344,55962800,167.85488891601562,166.5062744140625
2023-05-09,169.8323211669922,171.5823434942616,169.66424069363828,171.09788068478838,45326900,168.49360046386718,167.29725036621093
2023-05-10,171.6021270751953,172.0668263741992,169.96084934197563,171.06822526711633,53724500,169.70181274414062,168.26619415283204
2023-05-11,171.78997802734375,172.62049861686478,170.22779972610607,171.88885599180736,49514700,171.2758544921875,168.7941680908203
2023-05-12,170.8592987060547,172.33451847611525,169.3048550658258,171.8988778353498,45497800,171.12530822753905,169.10350799560547
2023-05-15,170.36427307128906,171.49297161869612,169.77021484316816,171.44346424843133,37266700,170.889599609375,169.37224426269532
2023-05-16,170.36427307128906,171.42365827881974,170.09694535788182,170.28506430037106,42110300,170.99598999023436,169.7447952270508
2023-05-17,170.97811889648438,171.21573009717264,168.7306172756303,170.00783790944186,57951600,170.87118835449218,170.2865005493164
2023-05-18,173.31472778320312,173.50284672542747,170.86921174934298,171.2850464654308,65496700,171.17613830566407,171.2259963989258
2023-05-19,173.42364501953125,174.64144781679403,173.20582466782196,174.64144781679403,55772400,171.6890075683594,171.40715789794922
2023-05-22,172.47315979003906,172.97811385055638,171.73059450812943,172.25533943207657,43570900,172.11078491210938,171.50019226074218
2023-05-23,169.8593292236328,171.66129487805824,169.58210606257185,171.4137731194303,50747300,172.00979614257812,171.50289306640624
2023-05-24,170.13653564453125,170.71078788094945,168.82962874348078,169.39397044171028,45143500,171.8414794921875,171.35633392333983
2023-05-25,171.27516174316406,172.17612946392208,169.9880455752579,170.70090944955888,56058300,171.43356628417968,171.3048522949219
2023-05-26,173.6909637451172,174.02760482348145,171.39396964747598,171.60189457506777,54835000,171.48703002929688,171.58801879882813
2023-05-30,175.5424346923828,177.21568420222022,174.81967538543662,175.20580872558915,55964400,172.10088500976562,172.1058349609375
2023-05-31,175.49293518066406,177.5721240946458,175.00778707206032,175.57214396008078,99625300,173.22760620117188,172.618701171875
2023-06-01,178.3047637939453,178.33446519527467,175.17608525533697,175.9384564736909,68901800,174.8612518310547,173.3513656616211
2023-06-02,179.15626525878906,179.97803939925643,177.4830155722075,179.2354740430242,61945900,176.43747253417968,173.93551940917968
2023-06-05,177.79978942871094,183.11655071245002,176.2750472958808,180.81955719143568,121946500,177.25923767089844,174.37313385009764
2023-06-06,177.43350219726562,178.33446990727649,175.67113339582835,178.18596289670575,64848400,177.637451171875,174.86916809082032
2023-06-07,176.0572967529297,179.41369144392402,175.56225319905127,176.6711459253292,61944600,177.7503234863281,175.48896484375
2023-06-08,178.77999877929688,179.04731136486936,175.70082791608735,176.1364534617516,50214900,177.84537048339843,176.35331115722656
2023-06-09,179.16615295410156,180.42355258623877,178.83942242611607,179.70079329510486,48870700,177.84734802246095,177.1424102783203
2023-06-12,181.9680938720703,182.06710862095264,179.17605622243772,179.47308536155512,54274900,178.6810089111328,177.97012329101562
2023-06-13,181.4928436279297,182.32451307330234,180.63147278147434,180.98790470199526,54929100,179.4928771972656,178.5651641845703
2023-06-14,182.12648010253903,182.56212075064622,180.21561965950994,181.5522278943548,57462900,180.7067138671875,179.2285186767578
2023-06-15,184.1660614013672,184.67101539623405,181.95817181365123,182.13639531405346,65433200,181.78392639160157,179.8146484375
2023-06-16,183.08685302734372,185.13633999731718,182.4433026370524,184.87890775517988,101235600,182.56806640625,180.20770721435548
2023-06-20,183.17599487304688,184.25520121093788,182.5819517231594,182.5819517231594,49799100,182.8096466064453,180.74532775878907
2023-06-21,182.1363983154297,183.5720213426237,180.77996894802234,183.06706733943585,49515700,182.9383575439453,181.21561737060546
2023-06-22,185.1462554931641,185.1957628610581,181.84926421078353,181.91857754734076,51245300,183.5423126220703,182.1245132446289
2023-06-23,184.8294219970703,185.70070333532985,183.17597862652977,183.71063403229002,53079300,183.67498474121095,182.72945556640624
2023-06-26,183.43338012695312,186.1858201392354,183.39376819593494,184.97791307110862,48088700,183.74429016113282,183.15617828369142
2023-06-27,186.19577026367188,186.5225008066865,183.8294627923201,184.04728315432985,50730800,184.3482452392578,183.57894592285157
2023-06-28,187.37396240234372,188.01751290126907,185.7403249158235,186.06704032710473,51216800,185.39575805664063,184.16705780029298
2023-06-29,187.7105865478516,188.18583917474905,187.06703605511274,187.2056476277424,46347300,185.90862426757812,184.72546844482423
2023-06-30,192.04718017578125,192.5521191164762,189.3640377084909,189.7303801784341,85069600,187.3521759033203,185.51358032226562
2023-07-03,190.55213928222656,191.9580609253223,189.85906633761323,191.85904618822673,31458200,188.775927734375,186.2601089477539
2023-07-05,189.433349609375,191.06698713435688,188.7303811843197,189.6709759307026,46920300,189.42344360351564,186.8858444213867
2023-07-06,189.9085693359375,190.11649423604223,187.32444187549908,187.95809689875657,45094300,189.93036499023438,187.6630615234375
2023-07-07,188.78976440429688,190.76004279032819,188.35413885501103,189.5125387247038,46778000,190.14620056152344,188.02741241455078
2023-07-10,186.74029541015625,188.10662020019882,185.18585168727856,187.38384586798722,59922200,189.08482360839844,188.21849975585937
2023-07-11,186.21556091308597,187.4234682366511,184.75023641356677,187.28485666382537,46638100,188.2175079345703,188.49671783447266
2023-07-12,187.88882446289065,189.79968522544766,186.60170827121757,187.79970514631046,60750200,187.90860290527343,188.66602325439453
2023-07-13,188.6511688232422,189.29473443261006,187.89870814797314,188.61157199087162,41342300,187.65712280273436,188.7937438964844
2023-07-14,188.79969787597656,189.28483085110778,187.75020804300397,188.34425119556795,41573900,187.65910949707032,188.90265502929688
2023-07-17,192.0669708251953,192.39370132812152,189.9085734412509,189.9976776399959,50520200,188.7244445800781,188.90463409423828
2023-07-18,191.80953979492188,192.40359800546008,190.51252831302557,191.433317028607,48353800,189.8432403564453,189.0303741455078
2023-07-19,193.16598510742188,196.2649472303636,190.74025980403414,191.18581105243047,80507300,190.89867248535157,189.4036376953125
2023-07-20,191.2154998779297,194.52238670645607,190.5917402572243,193.1560618639693,59581200,191.41153869628906,189.53433074951172
2023-07-21,190.03729248046875,193.03725474426253,189.33432409540026,192.17588392818155,71917800,191.6590576171875,189.6590835571289
2023-07-24,190.8392639160156,192.9778554020486,190.34422042985216,191.4927249435582,45377800,191.41351623535155,190.06898040771483
2023-07-25,191.70065307617188,192.51253172271785,191.0075951507849,191.41353447405788,37283200,191.39173889160156,190.61748962402345
2023-07-26,192.57192993164065,193.70062855675883,191.40363447210132,191.75015587275632,47471900,191.2729278564453,191.08580017089844
2023-07-27,191.3046112060547,195.24515323301043,190.6412547294524,194.07685782549473,47460200,191.2907501220703,191.35114440917968
2023-07-28,193.88873291015625,194.68080550669023,192.21548351570434,192.74022840055838,48291400,192.0610382080078,191.86004791259765
2023-07-31,194.5026092529297,194.5422211974479,193.32440317776312,194.11647588529388,38824100,192.79370727539063,192.1036117553711
2023-08-01,193.67092895507807,194.77982161953312,193.3441984148306,194.29468863259882,35175100,193.18776245117186,192.2897506713867
2023-08-02,190.6709442138672,193.24516118654293,189.94818497968632,193.1065496196106,50389300,192.80756530761718,192.04024658203124
2023-08-03,189.27491760253903,190.46301890335675,188.79968010371752,189.67096144116343,61235200,192.40162658691406,191.8461883544922
2023-08-04,180.1859436035156,185.52251207833032,180.11663025996506,183.68094960257173,115799700,189.66106872558592,190.86105346679688
2023-08-07,177.0770721435547,181.31464344213896,175.5919415919706,180.32455640774955,97576100,186.17596130371092,189.48483428955078
2023-08-08,178.0176544189453,178.48299654054432,175.81965996172053,177.90874423926195,67823000,183.04530639648436,188.1165344238281
2023-08-09,176.42359924316406,179.13642786663587,175.25528876502239,179.07702506576103,60378500,180.19583740234373,186.50170135498047
2023-08-10,176.20578002929688,178.95822060931928,175.8394526832055,177.70080592181807,54686900,177.5820098876953,184.9918182373047
2023-08-11,176.2652587890625,177.0881424893324,175.03590276334816,175.7993034466227,51988100,176.7978729248047,183.2294708251953
2023-08-14,177.92095947265625,178.14898275911253,175.78938877461678,176.44373225185288,43675600,176.966650390625,181.57130584716796
2023-08-15,175.9281768798828,177.94076628789648,175.53161335110406,177.34592099472832,43622600,176.5487548828125,179.79703063964843
2023-08-16,175.05572509765625,177.0088162608788,174.9863181633248,175.61092006059548,46964900,176.27518005371093,178.23550872802736
2023-08-17,172.50778198242188,175.98767489704687,171.99223724872292,175.6208528452633,66062900,175.53558044433595,176.5587951660156
2023-08-18,172.9935760498047,173.59834528388794,170.48527458580276,170.82235510894964,61114200,174.88124389648436,175.83955841064454
2023-08-21,174.33200073242188,174.61952217759173,172.25001931121287,173.56861510861043,46311900,174.1634521484375,175.56505126953124
2023-08-22,175.71005249023438,176.15619021692956,174.73846130997606,175.541512243613,42084200,174.1198272705078,175.33429107666015
2023-08-23,179.5667266845703,179.99304691061286,176.80066012445005,176.98903312238062,52722800,175.02202758789062,175.6486038208008
2023-08-24,174.86737060546875,179.54689311295104,174.50053343712446,179.12057292485625,54945800,175.4939453125,175.51476287841797
2023-08-25,177.0782470703125,177.6136093916348,174.31218067560857,175.85879974601767,51449600,176.31087951660157,175.59606170654297
2023-08-28,178.6446990966797,179.04126265908485,177.0187642861302,178.5455506421133,43820700,177.1734191894531,175.6684356689453
2023-08-29,182.5409698486328,183.31427930675537,177.9605961154563,178.1588778766287,53003900,178.53960266113282,176.3297149658203
2023-08-30,186.0406951904297,186.23899207960088,183.15566303930453,183.35394480054703,60813900,179.8343963623047,177.42821197509767
2023-08-31,186.25880432128903,187.49808420340318,185.87214960318659,186.22906281435257,60794500,182.11268310546876,178.80331420898438
2023-09-01,187.83518981933597,188.2912363685708,186.66530168187228,187.86493132785435,45732600,184.26407165527343,180.2874755859375
2023-09-05,188.07313537597656,188.35073289401015,186.00106278496517,186.66531506939765,45280000,186.1497589111328,181.66158905029297
2023-09-06,181.34136962890625,187.23043067946264,179.91371663144653,186.7842777718091,81755800,185.9098388671875,182.22472076416017
2023-09-07,176.03724670410156,176.6816813943478,172.05171790486162,173.67765269377628,112488800,183.90914916992188,181.87177276611328
2023-09-08,176.65191650390625,178.69426259870855,176.26526175899272,176.82047189213844,65551300,181.9877716064453,182.05022735595702
2023-09-11,177.82179260253906,178.75373349578624,175.8191120741523,178.52571023294755,58953100,179.98509216308594,182.12458190917968
2023-09-12,174.7880401611328,178.58519559094336,173.32073699502078,177.95068488711692,90370200,177.32807312011718,181.738916015625
2023-09-13,172.71597290039062,175.77946927367296,172.48793449989455,174.99623588192003,84267900,175.60299377441407,180.75641632080078
2023-09-14,174.2328338623047,174.5897470555056,172.09135470309917,172.507750907179,60895800,175.2421112060547,179.57563018798828
2023-09-15,173.5091094970703,174.98633670911127,172.32932763975032,174.9665039932106,109205100,174.6135498046875,178.3006607055664
2023-09-18,176.4437255859375,177.84163701778533,174.65915940995401,174.9664984209427,67257600,174.3379364013672,177.16151428222656
2023-09-19,177.53428649902344,178.08948146713516,175.6109216966876,175.99757641576028,51826900,174.8871856689453,176.10762939453124
2023-09-20,173.9849853515625,178.158871491594,173.8957457034938,177.72264255589144,58436200,175.1409881591797,175.3719909667969
2023-09-21,172.43836975097656,174.78805492740332,172.3689779372214,173.0530629204369,63047900,174.78209533691407,175.01210327148436
2023-09-22,173.2909698486328,175.56133895987557,172.5573258740407,173.17200382635897,56725400,174.73846740722655,174.67600860595704
2023-09-25,174.56993103027344,175.4522977411563,172.65647493916612,172.70604916227998,46172700,174.36370849609375,174.35082244873047
2023-09-26,170.4852752685547,173.69747930093746,170.1878450472042,173.32074847329434,64588900,172.95390625,173.92054595947266
2023-09-27,168.96839904785156,171.55601650720317,167.60024410157126,171.1396202080804,66921800,171.95058898925782,173.54578857421876
2023-09-28,169.22616577148438,170.55467030699108,166.18248681585104,167.88773731405627,56294400,171.3081481933594,173.0451217651367
2023-09-29,169.74171447753906,171.58576377459906,168.87916528625075,170.5447655196905,51814200,170.59829711914062,172.6683822631836
2023-10-02,172.25991821289062,172.8052044328195,169.46409530048962,169.75161672914737,52164500,170.13629455566405,172.2500015258789
2023-10-03,170.92147827148438,172.14094058886474,169.35504178574476,170.78267952738358,49594600,170.22353515625,171.588720703125
2023-10-04,172.1707000732422,172.71598631340495,169.5037670214799,169.62273306372262,53020300,170.86399536132814,171.40729217529298
2023-10-05,173.40997314453125,173.94533544106068,171.19908676207933,172.29956799243436,48527900,171.7007568359375,171.50445251464845
2023-10-06,175.9678497314453,176.46356172729125,171.69479961979252,172.30949278163357,57224100,172.94598388671875,171.7721405029297
2023-10-09,177.45498657226562,177.51446959158443,174.2923416030924,175.29367439346143,42390800,173.98499755859376,172.0606460571289
2023-10-10,176.86012268066406,178.17871838563994,176.42389371024447,176.57261638357625,43698000,175.1727264404297,172.69813079833983
2023-10-11,178.25804138183594,178.30761560829964,176.07691156880261,176.6717569025772,47551100,176.39019470214845,173.6270950317383
2023-10-12,179.1602325439453,180.77624333047942,177.50454119898205,178.52572180730996,56743100,177.54024658203124,174.62050170898436
2023-10-13,177.3162078857422,180.36978082784793,176.61229011230088,179.86415997848457,51427100,177.80991821289064,175.3779510498047
2023-10-16,177.18728637695312,177.5441995976702,174.99623283045386,175.23418002024147,52517000,177.75637817382812,175.87068786621094
2023-10-17,175.63075256347656,176.88986525789463,173.3009152798367,175.1350405719026,57549400,177.51050415039063,176.34161529541015
2023-10-18,174.33200073242188,176.0570840196497,173.60826541418712,174.07423592634754,54764400,176.7252960205078,176.55774536132813
2023-10-19,173.9552459716797,176.31482459139443,173.68755728005698,174.53025852712355,59302900,175.68429870605468,176.61227264404297
2023-10-20,171.3973846435547,173.91559492791032,171.15943743932888,173.80653768363138,64189300,174.5005340576172,176.1552261352539
2023-10-23,171.51634216308594,172.51767489960218,168.4726633962427,169.4442697526279,55980100,173.36634521484376,175.56136169433594
2023-10-24,171.95257568359375,172.18059896074934,169.97963653831403,171.56592094062157,43816600,172.63070983886718,175.07060699462892
2023-10-25,169.6326446533203,171.57582713235345,169.1864917714858,170.40595412753765,57157000,171.6908386230469,174.20806732177735
2023-10-26,165.458740234375,169.91023915738614,164.24920182104776,168.9088912991807,70625300,169.99153747558594,172.83791809082032
2023-10-27,166.77735900878906,167.5110182699133,165.39928015046561,165.47859589177074,58499100,169.06753234863282,171.784033203125
2023-10-30,168.82957458496094,169.70203248533966,167.42175441803172,167.57047708446643,51131000,168.53017883300782,170.9482620239258
2023-10-31,169.3054656982422,169.43434051981868,166.4600687836398,167.89764555846892,44846000,168.0007568359375,170.31573333740235
2023-11-01,172.47801208496094,172.73577684542204,168.6610241296242,169.5334819772275,56934900,168.56983032226563,170.13033447265624
2023-11-02,176.04718017578125,176.2553707597914,173.95527477340474,174.01475779740764,77334800,170.68751831054686,170.33952789306642
2023-11-03,175.13504028320312,175.30359567263832,171.8633532465518,172.74571998498175,79763700,172.3590545654297,170.71329345703126
2023-11-06,177.69290161132812,177.8911833660216,174.69881232122145,174.86735256910734,63841300,174.13171997070313,171.33094940185546
2023-11-07,180.26071166992188,180.87538968418906,177.4351473327296,177.64333789269085,70530000,176.32276916503906,172.1617630004883
2023-11-08,181.321533203125,181.87672821790486,180.03267898856913,180.78617090399572,49340300,178.0914733886719,173.33065185546874
2023-11-09,180.8456573486328,182.54098393459674,180.2507968912838,181.39094357988108,53763500,179.0511688232422,174.86934356689454
2023-11-10,185.04489135742188,185.2136688107188,182.19576071339824,182.63256439705196,66133400,181.03313903808595,176.69609680175782
2023-11-13,183.4565277099609,184.67758150620577,182.87082057942214,184.46911666550656,43627500,182.1858642578125,178.1587921142578
2023-11-14,186.07733154296875,186.74245888927783,184.94561983989882,186.33543591459554,60108400,183.34918823242188,179.83597869873046
2023-11-15,186.64317321777344,188.12234646111898,186.41484954526325,186.48434792046902,53790500,184.41351623535155,181.25249481201172
2023-11-16,188.33084106445312,189.57175373642215,187.2785343944212,188.191859451107,54412900,185.91055297851562,182.4808609008789
2023-11-17,188.3109893798828,188.99597562451044,187.19913643084107,188.8669158544037,50922700,186.56377258300782,183.79845581054687
2023-11-20,190.05816650390625,190.51482899547432,188.49958819031184,188.50951003765908,46505100,187.88410034179688,185.03498229980468
2023-11-21,189.25405883789065,190.12766614172318,188.36060783923182,190.0184652287441,38134500,188.51944580078126,185.93431701660157
2023-11-22,189.919189453125,191.52740733771327,189.4426832554431,190.09788874466753,39617700,189.17464904785157,186.79408264160156
2023-11-24,188.5889434814453,189.51217522879531,187.87417657801197,189.48239453680722,24048300,189.22626953125,187.56841125488282
2023-11-27,188.4102325439453,189.28383984926063,187.52670339120002,188.53929229982836,40552600,189.2461181640625,187.90494537353516
2023-11-28,189.01580810546875,189.690872461515,188.02307798905798,188.4003202806091,38415400,189.037646484375,188.46087341308595
2023-11-29,187.99331665039065,190.69354405683197,187.596230622092,189.51219267303125,43014200,188.785498046875,188.65247192382813
2023-11-30,188.5691070556641,188.9364275469523,186.82190727725418,188.4599061227721,48794400,188.51548156738284,188.84506530761718
2023-12-01,189.84971618652344,190.16738195236098,187.85431892352926,188.94632812953898,45679300,188.76763610839845,188.99695281982423
2023-12-04,188.0528564453125,188.66835941071503,186.08725507958516,188.59886103241988,43389500,188.6961608886719,188.97113952636718
2023-12-05,192.0138702392578,192.98674157750665,188.79741899208386,188.82721483361496,66628400,189.2957733154297,189.16670989990234
2023-12-06,190.9218597412109,193.3441084564195,190.71337975554792,193.03636454966008,41089700,189.88148193359376,189.33348999023437
2023-12-07,192.85769653320312,193.58238532404093,192.18263213313443,192.22234982318224,47477700,190.73919982910155,189.6273406982422
2023-12-08,194.2872314453125,194.56519468567552,192.26205338225554,192.78819916921847,53377300,191.62670288085937,190.1971694946289
2023-12-11,191.77561950683597,192.0833786038581,190.02841974664355,191.70613626728084,60943700,192.37125549316406,190.53370819091796
2023-12-12,193.2945098876953,193.30443173677244,190.32624104462562,191.6763547643133,52696900,192.62738342285155,190.96157836914062
2023-12-13,196.52085876464844,196.56056130389416,193.43346752411227,193.67171305530522,70404200,193.74718322753907,191.8143325805664
2023-12-14,196.6697540283203,198.16877097511053,194.733933428728,196.58041195784497,66831600,194.5095947265625,192.62439727783203
2023-12-15,196.1336975097656,196.95765018105735,195.56783406915136,196.09397982207716,128256700,194.87888793945314,193.25279541015624
2023-12-18,194.4659118652344,195.20053764226134,192.97681661429394,194.66445486912104,55751900,195.4169464111328,193.89410095214845
2023-12-19,195.5082550048828,195.5181768519779,194.46588544128923,194.73392679143802,40714100,195.8596954345703,194.24353942871093
2023-12-20,193.4136199951172,196.24289187855894,193.4136199951172,195.46856356116558,52242800,195.23824768066407,194.49271545410156
2023-12-21,193.2646942138672,195.64725561182692,192.09327993279487,194.674384326953,46482500,194.55723571777344,194.53341522216797
2023-12-22,192.19256591796875,193.9894050921648,191.56714106698067,193.76106624785666,37122800,193.76900939941407,194.3239486694336
2023-12-26,191.64654541015625,192.48043504376977,191.42814358023,192.20247183256527,28919300,193.20513610839845,194.31104125976563
2023-12-27,191.74581909179688,192.09328069742187,189.7007974418798,191.09062871652011,48087700,192.45264892578126,194.1561721801758
2023-12-28,192.17269897460935,193.24484932489418,191.76567598880632,192.72862541967714,34049900,192.2044647216797,193.7213562011719
2023-12-29,191.1303253173828,192.98672576072192,190.33613820624774,192.4903607097449,42628800,191.7775909423828,193.16741333007812
